{
    "loss": 25.625869750976562,
    "accuracy": 0.5686274766921997
}