{
    "loss": 24.11642074584961,
    "accuracy": 0.5686274766921997
}