{
    "loss": 34.97370529174805,
    "accuracy": 0.4313725531101227
}